source_id,ra,dec,parallax,phot_g_mean_mag,teff_gspphot,radius_gspphot,mass_flame,mh_gspphot,logg_gspphot,distance_gspphot
1677363575822082432,192.24567830114586,64.8596811782203,2.3061998591469948,12.67207145690918,5796.94677734375,1.066100001335144,0.9884119033813477,-0.46709999442100525,4.366399765014648,426.11968994140625
1677366560823697536,192.1919086389115,64.85820681877911,0.8017791378323711,17.66392707824707,4248.62548828125,0.7971000075340271,0.6675521731376648,0.00570000009611249,4.510000228881836,1399.4771728515625
1677343024402910720,192.1187816625401,64.84164742620833,0.8063880981298087,19.3546199798584,,,,,,
1677340142480953088,192.21550358427763,64.84507370115882,0.5315054707667126,19.736833572387695,,,,,,
1677343230561474944,192.10911246537776,64.85174337006006,,20.975208282470703,,,,,,
1677363541462528000,192.25420505952877,64.84329375618442,,21.9318790435791,,,,,,
